unique_id,hurst,series_length,unitroot_pp,unitroot_kpss,hw_alpha,hw_beta,hw_gamma,stability,nperiods,seasonal_period,trend,spike,linearity,curvature,e_acf1,e_acf10,seasonal_strength,peak,trough,x_pacf5,diff1x_pacf5,diff2x_pacf5,seas_pacf,nonlinearity,lumpiness,alpha,beta,arch_acf,garch_acf,arch_r2,garch_r2,flat_spots,entropy,crossing_points,arch_lm,x_acf1,x_acf10,diff1_acf1,diff1_acf10,diff2_acf1,diff2_acf10,seas_acf1
artificialNoAnomaly/art_daily_no_noise.csv,,4032,-45.19878209113169,0.04676477323977734,0.5,0.0001,0.25,1.0471419938708651e-62,1,288,0.0,7.194398213977867e-70,-9.411515737434937e-16,-4.156377321128613e-17,0.9717850946114961,7.2864293605356085,1.0,205,108,0.978583070035109,1.4838040160696896e-26,0.4913888888888889,-0.007056808202034612,0.07037569924974263,0.0,0.9999999850988388,0.0,,,,,168.0,0.12717711518954508,28,0.9604695824695556,0.9891726778872153,8.854128465685267,-5.4448744695561445e-14,2.971288556777403e-26,-0.5,0.25,0.9285714285714287
artificialNoAnomaly/art_daily_perfect_square_wave.csv,,4032,-63.88742829480078,0.043267152031536305,0.5,0.17500000000000002,0.2,0.0,1,288,0.0,5.0273320733574e-70,-4.434318286324169e-16,-2.368404730507713e-16,0.9827911524372395,8.207770695181216,1.0,160,217,0.9705292394063353,0.0,0.49138888888888876,-0.006061382383996758,-0.0002928607074107774,0.0,0.9999999850988388,1.2909348132063286e-10,,,,,180.0,0.15380294971240252,28,0.9705570522014415,0.9850363756613756,8.440206693290087,0.0,0.0,-0.5,0.25,0.9285714285714276
artificialNoAnomaly/art_daily_small_noise.csv,0.41271594284137936,4032,-57.839586909159415,0.04679012835102255,1.4901161193850786e-08,1.0134537844507066e-08,3.1086244226283245e-21,1.2835586877085769e-05,1,288,0.0017019689829346207,1.6574400449855175e-11,0.010445652989409988,-0.0827626741111158,-0.01653226113262045,0.004681981451494506,0.9913922979221359,141,82,1.0278421961242123,0.07869594278193401,0.713680642365179,0.20504426589165986,2.3497182895162676,0.00010247305538091251,0.7165504403851225,5.998263808065292e-11,,,,,168.0,0.14492355235130022,490,0.7263784195347747,0.9775308469243899,8.643415051710885,-0.2737290865158161,0.08206678955391618,-0.6203397202341385,0.41800123879556317,0.9185267213375321
artificialNoAnomaly/art_flatline.csv,,4032,,,,,,,1,288,1.0,,,,,,1.0,1,1,,,,,,,0.005,0.0001,,,,,,-0.0,0,,,,,,,,
artificialNoAnomaly/art_noisy.csv,0.5070010401145045,4032,-4126.670692851974,0.29975276536774675,1.5774876466928528e-08,7.61214185268791e-09,2.4811009261069866e-06,0.00535355589492124,1,288,0.00460995755285587,4.6183692732645435e-08,1.4984151711704348,-0.3002251819474018,-0.005857178088841125,0.0015925041243936055,0.21634292130932353,37,159,0.00045070358742295603,0.4942544196481844,1.039135870577357,0.007049510322549672,0.007446979043774816,0.003807044676184146,1.490116253908114e-08,3.465472745460983e-10,,,,,4.0,0.9479934495927211,2049,0.003418731075713999,-0.009305361898419719,0.001607046637995963,-0.5131761681917346,0.26642870347435116,-0.6769079320712243,0.4975570105119724,0.0051061371002761565
artificialWithAnomaly/art_daily_flatmiddle.csv,0.5016462376892896,4032,-49.32741971528649,0.12157104604532898,0.5372403776536214,1.5903361569514403e-07,2.627482053219224e-07,0.014568207406933145,1,288,0.06888318922200498,3.074278515501388e-09,1.7302759066507043,-0.6730523046697723,0.9468851640221976,7.835818015847143,0.9251811233482666,197,72,0.9846972594385928,0.015853701456918654,0.5922827177425029,0.1389399836627943,0.741961903479308,0.07403876985614795,0.8761442527441778,0.0,,,,,276.0,0.20028056432059474,50,0.8591361087010684,0.9855276602163104,8.769811770181526,-0.12166872026735787,0.017055103048502423,-0.5536175446964656,0.3147735859221765,0.8330933615325775
artificialWithAnomaly/art_daily_jumpsdown.csv,0.5230795546192945,4032,-55.54172280001475,0.09838002290003804,0.23789607218713554,2.544063762096844e-13,1.5857122846162343e-12,0.021047314101911303,1,288,0.4184576015328857,6.161170889065734e-10,-2.1566940531342267,0.7228948006698834,0.7344397237342833,4.771472924805136,0.9663919129501439,208,64,1.028455446164684,0.0786991386194504,0.7257488464074825,0.17208877780067067,2.0521384946195536,0.061766300168348526,0.7128179616731468,0.0,,,,,168.0,0.1865119112351674,494,0.7818799146259854,0.9780552490313388,8.682667039114776,-0.2705612087878123,0.07690519088833832,-0.611335847217221,0.39378412286814124,0.8615244839186922
artificialWithAnomaly/art_daily_jumpsup.csv,0.5652943581171296,4032,-53.04607505810678,0.2608246178020477,0.34124099075455433,8.781254149444537e-11,7.514737629875997e-08,0.04711885463796377,1,288,0.4579245623356488,3.469956345214032e-09,3.0101731632506104,-1.1035555996663056,0.8681235398791465,6.690210989891716,0.9341679858648078,134,41,1.0276271186327142,0.07280245149218986,0.7034620897296491,0.14292156303619752,0.03922279812369112,0.5645564404922718,0.7339560585911588,0.0,,,,,176.0,0.22528508324782623,481,0.922626389215611,0.980088749036639,8.726534160914538,-0.2650735589625044,0.0747950720541734,-0.6195675179811464,0.4092028832335349,0.8176336704024977
artificialWithAnomaly/art_daily_nojump.csv,0.5533901450207102,4032,-52.59141967022777,0.18528608824594106,0.32702125333367094,1.1009241452010879e-10,7.617195289385316e-08,0.04757962876046608,1,288,0.4623039582387515,2.847446406775027e-09,-3.2092667750438224,0.8988564858844329,0.8595169458100728,6.522397147035475,0.9345036474359932,154,286,1.015331899331674,0.06038803703443678,0.6909373765654426,0.1422666917639797,2.275399940483409,0.07602452798387611,0.7475480490278005,0.0,,,,,456.0,0.22563060225895584,655,0.783589376228526,0.9799423003155575,8.71415457196585,-0.23848503878003643,0.05806725177868125,-0.599234274493972,0.37190306122456984,0.7962788986699434
artificialWithAnomaly/art_increase_spike_density.csv,0.3244098726294634,4032,-4751.528221925514,0.008390367631152239,1.4988630942827603e-08,1.0438525862805117e-08,5.356293423110216e-09,0.0004910009549609248,1,288,0.0003167470103925263,1.362168116704741e-06,0.10174889180057811,-0.07804748417640987,0.012069101601992099,0.1454630505555869,0.19244127904721198,57,267,0.0013038773716959678,0.753759100125585,1.158623983613081,-0.011985460865190424,-0.005878764109314883,0.021646810429813243,1.4901161193847656e-08,7.043298077827234e-09,,,,,93.0,0.6079475105097625,167,0.29866541873600483,-0.009269264563354383,0.2245180999451947,-0.49101869384540403,0.5635558106236986,-0.6619721616150005,0.8772110683624927,-0.020033298345940927
artificialWithAnomaly/art_load_balancer_spikes.csv,,4032,-1639.4352524688018,1.7341697944024599,0.6502030472860304,8.841941268828146e-07,5.124869788043173e-06,0.16649986708478887,1,288,0.15450039946828242,5.185928109018765e-07,5.406745880081981,-1.4445516712478061,0.5575562909706915,0.3882421767586256,0.18480050592802777,181,7,0.3932728086571916,0.16319087268191135,0.6156229922294477,0.017855146242657955,0.16438905162448164,1.9297938247120483,0.6553213160353238,1.707655303060436e-11,,,,,212.0,0.8621378971644915,374,0.27088489546100925,0.6059965207546751,0.6370758576352188,-0.13002949210679432,0.10941353731948508,-0.4350535288513478,0.2660530173963382,0.009672170700626198
realAWSCloudwatch/ec2_cpu_utilization_24ae8d.csv,0.5427129994966312,4032,-4111.795313071621,0.2098194373150665,8.965783917133766e-07,5.825582503900641e-07,2.5099078762375822e-06,0.00208429876587001,1,288,0.0031921543452096968,4.709947319303425e-06,1.237211668641426,1.0750430412235708,-0.15549941271152934,0.043110351230156406,0.2992914681568122,152,157,0.0024262658559423456,0.5203315339560188,1.0717976005684804,0.12654850280892374,0.06619104479035523,0.2821005243051478,1.4901161199148772e-08,7.597247484961337e-09,,,,,290.0,0.938935086666474,572,0.0001327717788653926,-0.04014193120857882,0.002775559959744062,-0.5080709423061779,0.2601785048040708,-0.6652300898313415,0.468611887322691,0.10938906030188565
realAWSCloudwatch/ec2_cpu_utilization_53ea38.csv,,4032,-5479.608260171664,2.0763311820079386,0.07161681143498859,9.947450781303465e-12,4.68958141754256e-13,0.014688101926850201,1,288,0.04208637949200411,8.882955737764897e-08,3.895185034070407,-3.5409147486971877,-0.07014395951953376,0.1581672367940884,0.6686989724869663,153,242,0.027829767025119554,1.0113445364249032,1.4006710161453173,0.07023199620834246,0.029476706929572705,0.017492402163339877,0.006071010874818586,0.0,,,,,5.0,0.5759287469459744,2248,0.039872992569101484,-0.11757418675445247,0.44655623939167055,-0.5809169179256995,1.1083689732416837,-0.7311364115828369,1.6819244805594669,0.5710834148571152
realAWSCloudwatch/ec2_cpu_utilization_5f5533.csv,1.5925827679564721,4032,-6910.2533904271295,31.742803145346777,0.02078784869455046,0.02078767319316185,0.0,0.5619322237950267,1,288,0.5963482308626967,3.0898901128220475e-08,-43.0210874425853,-8.639987693820986,-0.5177538041694059,1.4536334612223683,0.22506496420436528,146,121,0.9719233004621434,1.1801322847965503,1.7422018611868397,-0.01603278135314509,0.9443879779712873,0.07282732126055629,0.0197175961132672,0.0197175961132672,,,,,9.0,0.5388406168726756,1533,0.30155703275933066,0.3033695148634639,2.948069096794204,-0.6802165537098553,1.8426742185842855,-0.7334401496612841,2.022622005307259,0.41318241600778716
realAWSCloudwatch/ec2_cpu_utilization_77c1ca.csv,0.9508799946436095,4032,-654.9995573779287,0.48921459756920915,0.9999121020842745,3.7946989759858037e-06,1.9838200797772032e-07,0.07676587358119934,1,288,0.11337157473364479,1.382377254798452e-07,1.4591719135623988,-0.954877304641748,0.7945558073856638,1.0521356745113044,0.2651945491804676,48,102,0.733038324031012,0.07372132650064182,0.37176121899465264,0.028987867607908918,0.0675047882356311,0.35527234800926516,0.9999999850988388,5.7420679896504046e-11,,,,,505.0,0.8080562416556573,1691,0.5875770797250133,0.8185537209417983,1.3264049288676767,0.12396878843172919,0.0982484012183813,-0.37121899971590006,0.19293686364821852,0.1161303602884762
realAWSCloudwatch/ec2_cpu_utilization_825cc2.csv,1.023656473954012,4034,-62.56596796609275,1.4513615129114226,0.6450128067485597,3.5416160241204535e-09,1.2187037082767218e-06,0.48268116409180933,1,288,0.5817252625370481,1.0002690458227877e-07,-3.1694226181762777,16.653291596441804,0.9377536144025531,7.247424408797622,0.2300961803787852,2,49,1.0366403936681723,0.1080179022311867,0.740144252263004,0.008338204890354252,1.2488469427145727,3.6194128365207274,0.6364774533950636,0.0,,,,,320.0,0.49305001678363136,851,0.9702677982932681,0.9691113965622902,8.553823304562158,-0.2784673373010875,0.08479641186479897,-0.5851805144819862,0.3513708220558958,0.012095609391586066
realAWSCloudwatch/ec2_cpu_utilization_ac20cd.csv,1.0899138369892354,4037,-8.20283825666585,12.161875450466308,0.43530971285844766,9.016226716671967e-11,9.422138680139953e-08,0.834826560396643,1,288,0.9302702571325717,1.3695757926818387e-09,34.41739212553358,31.332206544388526,0.8796698627629855,6.663387732808101,0.2751838258584828,126,124,1.2233106797319722,0.31497263090077904,0.9936310971092248,0.014973600517158266,1.9399498959005792,0.3459365697417952,0.4197914640968924,3.0780295080835634e-13,,,,,456.0,0.3101881348747653,1638,0.9963745842434426,0.9881327049683858,9.56790901440515,-0.4917512334611386,0.2792534650910283,-0.6809117750350515,0.5292295487323544,0.32024877980237093
realAWSCloudwatch/ec2_cpu_utilization_c6585a.csv,,4032,-4057.12791414554,0.04531921711327813,1.6866883857816357e-05,1.1606827253914871e-05,4.175972792691858e-06,0.00014711696860914323,1,288,0.00021668567863242227,4.982014148882278e-06,-0.6149962459781284,0.0910034979707499,-0.11491075050227763,0.03363442556704627,0.33551413521862583,155,158,0.002553127202784605,0.5208910817692336,1.0770421746926728,0.19553375373814008,0.10293348659961432,0.00785163161792145,1.4901161193847656e-08,3.2611490861033956e-14,,,,,303.0,0.9382797078754588,2207,0.00014772207436708484,-0.0374440664050902,0.0030415399687376728,-0.5042697938489812,0.2551900616492073,-0.6656399724866253,0.46997472248676037,0.20040028246569347
realAWSCloudwatch/ec2_cpu_utilization_fe7f93.csv,0.8026161937864312,4032,-992.7870917230559,0.2008761705406691,0.9998869259957198,8.837180684761117e-07,1.6968697341599576e-07,0.029571668992147224,1,288,0.05051267592713404,4.1713635697067795e-07,0.5188084050195668,-0.7639938336250476,0.7040007607813217,0.6884326322723648,0.25987215361832294,134,128,0.6592809021014602,0.19231220958254908,0.4618017057053321,0.011612258409059526,0.21733400264581307,0.34829167462478866,0.9999999802261551,2.578467710556655e-08,,,,,777.0,0.8469094274619436,769,0.36637802869784475,0.7262027011972055,0.8960812425131152,0.0860534615555399,0.18867889405169283,-0.32659452578292325,0.24723224662563772,0.08455448840053806
realAWSCloudwatch/ec2_disk_write_bytes_1ef3de.csv,,4730,-3490.5999931874426,1.035370757167969,0.021986000682029223,0.0,0.0,0.018448368802121952,1,288,0.03257341398158098,1.7935773458768497e-06,3.4830630924174253,-2.680187892093308,0.2201683648812397,0.06555164814896483,0.19425096550756693,183,86,0.06299158788199778,0.3096905527124137,0.8514014062433317,0.0176068425340912,2.697195932107704,1.138475385440795,0.032150111377866206,0.0,,,,,573.0,0.9251699317293798,228,0.07836261884863471,0.250537880502098,0.07700810440855171,-0.3695803108457693,0.1543783679706466,-0.5969253182020068,0.3772584051444945,0.018928579212659405
realAWSCloudwatch/ec2_disk_write_bytes_c0d644.csv,,4032,-3277.1463178943623,0.3743189871996499,0.18967214367114563,0.0,0.0,0.029484139897955845,1,288,0.048799354120767746,1.1148739808335522e-06,0.7948723070579654,-1.5902551525138118,0.3358008152559333,0.21619006998516374,0.2249156842533373,47,3,0.16058012722232776,0.300444342379395,0.8697186512495994,-0.0036547442243369324,1.2046986547680676,0.8028856738700438,0.19747412654021226,1.7914925559422447e-13,,,,,507.0,0.9129834458753547,424,0.0952762714382045,0.36703043739845015,0.31584963164832,-0.40764150774672314,0.1843790950928065,-0.6297719056827996,0.4326137591834912,0.045451914952732674
realAWSCloudwatch/ec2_network_in_257a54.csv,0.9971918689982455,4034,-4253.857995112484,0.7812274222648647,0.12450861179116383,1.9923869695194363e-07,1.0797130467352525e-06,0.014748067079459668,1,288,0.01730215677359903,7.521133492722104e-05,-3.574617579261142,-0.8579352517330927,0.1882414937791629,0.20900562975129713,0.1683039274520406,206,206,0.2018845822488797,0.5277479002091412,1.1272715957739248,0.006897570819542618,0.11523424657135788,13.082651288645526,0.11959551958819414,4.5777946753645903e-11,,,,,2387.0,0.9644282720211966,972,0.09612317295569961,0.1925249268332729,0.20950546493025402,-0.40554855085834224,0.43371516244857905,-0.5325023952214433,0.5695764452809449,0.028128029977575936
realAWSCloudwatch/ec2_network_in_5abac7.csv,0.8570484376629826,4730,-5126.039828447092,0.2873232092616192,0.018714409493098133,1.8429486221584996e-10,5.080892393969902e-07,0.014366790810642951,1,288,0.02641495147236117,1.243387967735531e-06,0.9049496946171909,-3.449210917607439,0.009653720081382704,0.008568402900604155,0.1786932331158071,42,64,0.010064645910819936,0.4769676262158165,1.0515137458008317,0.01463313529474477,0.03094911872227266,0.6158559685810967,0.027360171814067604,5.685413620866478e-11,,,,,573.0,0.9373743958726747,2575,0.04391708439028619,0.03970194324512898,0.018030753668591103,-0.4980578657616643,0.2605985126661199,-0.6566549944238406,0.4632959235444512,0.020648538718572036
realAWSCloudwatch/elb_request_count_8c0756.csv,0.8382187898831915,4040,-4307.441063224702,0.6245919036209648,0.02283404469548536,0.0,0.0,0.03687168998195037,1,288,0.055685585109004565,1.6739040725600728e-07,-2.647330797418488,2.908049234660175,0.14172002709700554,0.02765990549306312,0.2868356412371674,238,73,0.08506392934767573,0.41301882730472106,0.9721631585480482,-0.0005664939808533874,0.003771831374905589,0.06826378183600447,0.0657540598766897,6.440928373248373e-20,,,,,35.0,0.9028631340047234,1730,0.03062020080308936,0.22810025125392885,0.20051677296359874,-0.44020860928494515,0.20015195402441407,-0.6283607540155615,0.4080094585400605,0.08573875952896316
realAWSCloudwatch/grok_asg_anomaly.csv,1.246497549929031,4621,-12.709826460904708,20.719756568000296,0.4066794273061098,1.4272023856148223e-10,7.085163638106197e-08,1.025455836529179,1,288,0.9581144018568323,9.152943932457671e-10,-44.89016837844923,-38.00592737266926,0.7633392788727054,3.8470934627875213,0.1772206554398068,5,225,1.1558457047153705,0.2174746611494132,0.8064325603265022,0.0052212018586762395,2.485430176109267,0.003168566498292885,0.40453722609922366,1.8204874492722258e-10,,,,,252.0,0.25406357151807624,1779,0.9720188894731696,0.987205564436709,9.552268993957604,-0.34738872779670477,0.13837963950013452,-0.6058741378417177,0.3920351903156894,0.6384663733269199
realAWSCloudwatch/iio_us-east-1_i-a2eb1cd9_NetworkIn.csv,0.692340083547515,1243,-106.16157662686078,0.7491188005730383,0.9999999665704371,1.3530700264529963e-07,3.8706548476019903e-10,0.13226394930327848,1,288,0.32731997055438755,1.3182701918784872e-06,-4.364938013365275,11.315884520098912,0.9050556414285121,2.583584793172723,0.6788115456522594,3,3,1.0316824331983674,0.13136405678711124,0.034519613497593776,-0.014540695914284668,0.0928175334945531,3.139151932311164,0.9999999787789264,2.8300726602478906e-11,,,,,280.0,0.6772674076302193,100,0.884200303849653,0.9260886623867023,3.152482109449738,0.29745432118409354,0.180080874915168,-0.10443933703768264,0.040182379589116204,-0.000728222441060589
realAWSCloudwatch/rds_cpu_utilization_cc0c53.csv,1.166368698314186,4033,-23.910582732474538,21.725077057586606,0.26499907998602323,3.8471099959378e-12,3.6620514956953436e-11,0.9581317496444492,1,288,0.9547417810123976,3.788308382760555e-09,45.60223451462743,31.6554783284989,0.7405700424282481,4.077701481013621,0.23392310059785892,210,196,1.4039186847817366,0.5529344320005749,1.1095164539173337,0.06378609368098759,1.6375930214672743,0.11605841597970629,0.23337905724365848,0.0,,,,,343.0,0.23784890236315281,1370,0.8750117724667025,0.9755890996515921,9.438413803242618,-0.5886195097888479,1.6181738962194478,-0.779434672882663,2.6920702087668027,0.6596899228632945
realAWSCloudwatch/rds_cpu_utilization_e47b3b.csv,1.2944939606537056,4032,-64.77096733254453,20.102610650454753,0.3902335397181187,7.021433020369626e-11,2.455138358007752e-08,0.9279392746554339,1,288,0.9119847576779481,1.7295936087611208e-07,41.52147028074334,-9.167862030857464,0.6564704173489458,1.6467888368295973,0.21073336573649704,83,151,1.09372966391271,0.247796157066697,0.7955510251657746,0.016492864056052096,0.8635672134241839,0.09307248654565431,0.33445479134656014,0.0,,,,,946.0,0.2422922007655472,1089,0.3985517361398223,0.9593031188914011,8.730560980820359,-0.27767114137821436,0.20231427630254675,-0.5525535018458885,0.5459059668617702,0.6284506952011945
realAdExchange/exchange-2_cpc_results.csv,0.9061138912510739,1648,-291.651096435185,3.322436283063206,0.6629546667186209,3.6896814363787024e-10,2.1779510524081657e-10,0.16441204248453167,1,288,0.48403505657778034,2.544119137385589e-08,11.795800615407922,-2.4028965602255954,0.6483816361251988,0.911623401662086,0.81239442010717,9,244,0.7459469381482472,0.027200753740178996,0.4448485751824925,0.01550062750860975,0.32045322824598654,0.07070026979918882,0.9999999850970887,4.962734611424885e-14,,,,,20.0,0.5234558160846461,219,0.33375134025522923,0.8445598403733473,1.723963855944672,0.019726552441823888,0.03304779683005985,-0.47420038127165076,0.24725850638869556,0.5335639597016011
realAdExchange/exchange-2_cpm_results.csv,0.7204250877514352,1648,-352.4079109821021,0.6888897738283026,0.4138180009698802,1.1548908561059685e-09,1.3226196826231789e-09,0.04131771903476373,1,288,0.20669560296403866,6.525636427495593e-08,4.616676925440137,1.8094259314678274,0.42454616750612734,0.3438575581227824,0.8403953947904272,131,172,0.7824214093197341,0.03297561270243389,0.5796841923326372,-0.010624419757470829,0.3533255755741019,0.05424617113379845,0.8955470994955821,4.214612618739802e-19,,,,,16.0,0.4836813576729133,228,0.2706012771518538,0.8230619560801333,2.0403373829627443,-0.12253746081150046,0.06692797866875796,-0.5905944071712041,0.35998720866753126,0.6018381197966746
realAdExchange/exchange-3_cpc_results.csv,0.8274096175229032,1647,-689.7020897714726,0.7844059888284777,0.2486063059787165,0.0,0.0,0.07298715860099882,1,288,0.1282226603400457,4.333424138846682e-06,-2.344296092938664,8.364619300685323,0.42308862354201976,0.25447061039629754,0.5036052229396333,180,24,0.3796401470476601,0.14608737700671637,0.655175511364803,-0.054273356204452304,0.5134983123394817,0.4140122084790602,0.5983256411165077,1.4320436656821656e-08,,,,,35.0,0.8139927158206471,361,0.24324116800503504,0.5959220831001423,0.603031039179085,-0.17690224006260138,0.10197126446018949,-0.46651899177229805,0.2704920810940236,0.1558106145700914
realAdExchange/exchange-3_cpm_results.csv,0.8989960542180044,1647,-377.5375958320331,3.913879296032898,0.7163215326581795,6.293204763478287e-10,1.216725515903098e-10,0.1435550974561427,1,288,0.41356021740617765,2.4648227824585234e-06,9.544831947961772,12.957685595058848,0.5391855180535916,0.40442571710541725,0.6595698726364194,43,8,0.5919573780835637,0.0442615476773834,0.4968444804949563,0.009494284905379997,1.7579945494149807,0.272550761594174,0.9136562195851894,0.0,,,,,24.0,0.6626370866372624,257,0.09889845963962696,0.7647789889629877,1.2480047492515045,-0.058559624280247566,0.040519056878225775,-0.4546389290983237,0.21787847862475954,0.290426742088553
realAdExchange/exchange-4_cpc_results.csv,0.5203170347094678,1647,-1862.1386734271355,1.7270239678603703,0.014715139252778068,1.6007494983390345e-13,4.137589410573686e-09,0.026715952933740836,1,288,0.0390674769206284,2.4168734225737453e-05,4.808358797302425,1.054506354439513,-0.07546817802551845,0.03108933685343752,0.3742053215972494,254,254,0.028190431555952175,0.526489620716204,1.1054425029996466,-0.01152823959933094,0.3445671808260421,1.9627804169161118,0.012079784330302771,0.0,,,,,712.0,0.9415419602349185,287,0.003958304703195359,0.040632547303005265,0.03279227473665371,-0.5045764199477595,0.26365805342689275,-0.6708984850309148,0.4922394673623084,-0.0005946794406732617
realAdExchange/exchange-4_cpm_results.csv,0.39077921472744315,1647,-1839.697103242616,0.1817364495468959,0.00627525291873889,2.636699543535183e-12,5.935963737083376e-15,0.011182966036454422,1,288,0.013752966437319825,1.4728313848112248e-05,0.9801685451265949,1.640954461695964,-0.05489327114612233,0.03618727681559579,0.4168904300795093,254,254,0.024305526104306398,0.5263974649441728,1.110011427834741,-0.020631958318316757,0.27874402240223034,1.9214033084688023,1.49533891903858e-08,3.7487760989015244e-10,,,,,488.0,0.9437882303096667,315,0.005726542388881262,0.030553139597228766,0.026502795536603795,-0.5042103753094345,0.2633399361859661,-0.6711905364831943,0.49480373606819034,6.0121828757375e-05
realKnownCause/ambient_temperature_system_failure.csv,1.085836179379277,7888,-157.61917996858935,15.83297466944166,0.7015086713863264,2.8618793770037976e-05,0.00011335255013952845,0.6982386871199174,1,288,0.7524011638015857,2.585417520309261e-09,-27.856182234518016,-55.60562610912464,0.9250025190565381,6.226974300079479,0.2501274057790529,233,170,1.052753973295674,0.09798266821966671,0.7582233738149148,-0.014149452630314394,0.004126119112494814,0.04347619342981793,0.7761962215524112,6.655511304412061e-15,,,,,175.0,0.3227910693311528,501,0.9182061662935357,0.9773104756047644,8.132260405989806,-0.26822068642655655,0.09955857405032106,-0.6454635739048381,0.44341383300189485,0.5233745931412471
realKnownCause/cpu_utilization_asg_misconfiguration.csv,0.6451241733343538,18050,-10076.27386497243,8.482092583543741,0.06192352909781185,8.214642308314463e-18,0.36023475395980825,0.07755582404657271,1,288,0.42695093513874605,1.196443658320888e-09,12.600784968376388,8.679576230078919,0.3424305291623465,0.13919102149325666,0.833031886079948,144,283,0.216051670006684,0.20135650697320384,0.6520770529666366,-0.021727520902938398,1.885469757033731,0.23305643347696553,0.020525717744964523,1.9970736803911193e-19,,,,,167.0,0.4730435714940197,5441,0.6561130881472623,0.4343718093289833,0.20267320972652347,-0.16587194937651514,0.1592999889185577,-0.4632575291479443,0.24108734192429898,0.7551767919293298
realKnownCause/ec2_request_latency_system_failure.csv,0.9945410465067698,4033,-7018.692275506031,1.3977337163197605,0.02698962004678785,2.8340263630744938e-09,5.228336584331704e-06,0.05518242835178523,1,288,0.08812376430537938,2.5735115804052465e-06,3.240141273585543,0.004020194943956066,-0.2202547908567928,0.11298280297369355,0.29823693510272153,229,287,0.09224665827593655,0.753316597693405,1.0448347146875847,0.02790146601998127,0.24498083121526856,0.510129466649113,0.030871350752073375,1.0335469739455385e-11,,,,,29.0,0.8931538527173313,2275,0.04581603921194277,-0.14143758325738637,0.17678342546047635,-0.6199461547464467,0.49330960591815265,-0.7186195947843553,0.675912997221913,0.09325324206378599
realKnownCause/machine_temperature_system_failure.csv,0.8368400214710476,22683,-85.7402747883114,2.419612240112364,0.7194019765462089,0.10952685982605145,0.0011334052957048914,0.7228339371445279,1,288,0.8357418203474292,4.4296611154141267e-10,-3.883659081173626,-3.3412763779703285,0.9837616904182995,8.466783292018299,0.2303375109031912,272,185,1.0896799921121498,0.1042995476845229,0.7770004774715216,-0.000534678267118826,0.02529436766094049,0.35725690196016585,0.7174552476506143,0.10958410061346902,,,,,602.0,0.4571438816444406,975,0.9933675174826428,0.9969049903129346,9.686593426785265,-0.2459704098341955,0.09110879158846058,-0.640907830932465,0.4323983002493999,0.3032688976588209
realKnownCause/nyc_taxi.csv,0.6404731806023383,10320,-1002.4640627408944,0.27407872599347155,0.9942511748914706,0.5489114947526303,0.0006551289632101339,0.02558218800951101,1,288,0.13592172565580063,2.3233987082924315e-09,-2.259863720377097,-7.617691597548005,0.9621548487395596,3.209399565230564,0.7188355420572823,135,11,1.4615783927588581,0.4876966572278222,0.13267155704060213,-0.08474480456656665,0.02008629859272441,0.013128428611244768,0.9999999850988388,0.7599580533672858,,,,,31.0,0.32613722975025977,1055,0.9149004798916326,0.970498266229577,3.5849984056943134,0.663221168742656,0.8241263047138391,-0.23460791548584664,0.16562797967227202,0.7387665992977451
realKnownCause/rogue_agent_key_hold.csv,0.7872919754161669,5338,-785.0763797069059,4.042016764127651,0.33363787983050053,5.7887652054969595e-09,3.931688151364161e-07,0.34496038640590554,1,288,0.5145929975973993,3.4416889288885324e-07,15.340294209841755,14.672907392203049,0.7135595453579301,3.17215794145001,0.2196527130620165,189,252,0.8785716525689742,0.24883074107621644,0.8189630435746569,0.010164452240506024,2.918547434842338,1.017172059624612,0.333564455795443,0.0,,,,,839.0,0.6142541126373284,193,0.1844702577169719,0.839621377518915,5.759927223880392,-0.3361334862634532,0.13458096816063048,-0.5766792554092486,0.34261258537226874,-0.005958504547240476
realKnownCause/rogue_agent_key_updown.csv,0.3726171475018839,5338,-5588.213146897784,0.267781464825858,0.021747175783816557,2.035065026952877e-09,1.1157314583867224e-06,0.010486976734393519,1,288,0.01380024711763761,3.3666225262940075e-05,1.33250710969865,2.03792031298184,0.025735971802419832,0.0021628181887241795,0.1881899000586842,274,235,0.005357390456867355,0.4706062224579588,1.0300692629041972,0.000629146513687865,0.04417808480675846,7.310765521660139,0.021371273585255236,4.270085037344e-15,,,,,1113.0,0.9568812464481463,427,4.397173769099538e-06,0.048595661936736034,0.00791832594582418,-0.4984378995129468,0.24934115167163726,-0.669975750071543,0.48168013502285884,0.0010790315167519759
realTweets/Twitter_volume_AAPL.csv,0.46407650444527193,15902,-2197.909602835205,0.31085290134903365,0.9990923604595903,2.574013884594422e-05,0.00016456695446306696,0.055825065344095266,1,288,0.08482330619795042,1.387872608142088e-06,4.012463021370523,-0.4360268750702578,0.8427754216088447,1.9491776838248618,0.1751085578064554,70,21,0.736236633661719,0.012267081157049529,0.4710175680329378,-0.003541097971749057,0.251939191287882,13.441751543807255,0.9738104416973461,0.0,,,,,3731.0,0.8211038228816373,2629,0.6728939262658122,0.8553283260336411,2.2418319562715427,-0.022747646799123136,0.027195711692329764,-0.4797800057228369,0.24929724395441535,0.006539580871165264
realTweets/Twitter_volume_AMZN.csv,0.540124634662403,15831,-10835.318048415491,0.9627072847960748,0.23036024019311255,3.2200354947457213e-06,7.194701455902888e-05,0.06088005240015053,1,288,0.110828108371953,1.0563603963327665e-06,-7.737662692891362,-3.330003103734964,0.40298103974905664,0.30107809860290075,0.4020322826731355,280,107,0.4183146886163841,0.2583850733440443,0.8125613733286834,0.014657810213943261,0.851856791673299,2.6489686335282188,0.24818858593737347,0.0,,,,,2043.0,0.7575006381565194,3257,0.004547486415085178,0.5887058825376577,1.677963017423588,-0.34267044343238484,0.13004307734830314,-0.5873144504891505,0.3493931738417926,0.2765004111009877
realTweets/Twitter_volume_CRM.csv,0.6643975228774002,15902,-5999.293225357447,1.0313217543804791,0.6253359736570439,3.619677859894895e-05,0.00044078857810540844,0.12334360036823552,1,288,0.21421502845058105,1.1588457889010026e-06,0.7760396239379742,-12.191686299312757,0.5962658810803059,0.6321451424269398,0.3100658621553769,18,98,0.5338876951245622,0.1490768861519852,0.6687840607978836,0.01853316221076631,0.08048157371955324,7.070071669693473,0.6346534733414458,1.4989544727574433e-20,,,,,3568.0,0.7893154504514593,4441,0.6043717437021826,0.7065293015184477,1.8301669390740811,-0.26382075064109217,0.0909690791815501,-0.5957763280253466,0.37386306053193985,0.20608957370716574
realTweets/Twitter_volume_CVS.csv,,15853,-16591.34604786979,0.9073071425807474,0.1260149704091542,9.219133002666647e-07,2.5713034980521337e-05,0.031628859732838015,1,288,0.045403374830722876,1.2340086712845844e-06,4.883771488468995,-3.6039167474097025,0.28592630572398925,0.1829953011284664,0.18906365899683553,268,279,0.14189004014731973,0.34912905680268713,0.9161330514261884,-0.007707162605228996,0.38316683719460787,2.888105607384636,0.13098982580465326,2.240836667732599e-10,,,,,3385.0,0.9226941825245201,4728,0.01730514565567809,0.3257953309786592,0.3272254652636986,-0.40314504772335896,0.17533023446683385,-0.6059659882910541,0.37569420857262326,0.027094068103808253
realTweets/Twitter_volume_FB.csv,0.5670460104506326,15833,-9274.66324993335,0.34538909034753706,0.35136735962782734,1.1535301082720735e-05,0.00011844621306600002,0.083015166774928,1,288,0.1748814108386143,2.2793822855455398e-06,-1.3836303996382995,2.151679195275932,0.48254309345825575,0.4670064624997848,0.31070640787971604,242,123,0.4224311614336006,0.2160843822994515,0.7595132997194171,0.00201580018730483,1.030980915418948,6.08841372259976,0.3508075424851015,0.0,,,,,4066.0,0.8251202960075777,3698,0.04294450926379656,0.6125069484532191,1.4852163805290408,-0.29418527866644556,0.10649214908558406,-0.562152596290655,0.3187297741124734,0.13697820325240678
realTweets/Twitter_volume_GOOG.csv,0.5688425749788191,15842,-7025.073078059408,0.26436632105277463,0.391344137132017,3.25590153044341e-06,0.00018433736713836137,0.19444219336130003,1,288,0.28162125457574383,1.4032383540121827e-07,0.5579993503916683,3.0206680856211197,0.5589646719891018,0.9801998180916964,0.3108717550428175,273,150,0.5874809455099873,0.21928219828815987,0.7874712768128972,0.0005804667458391934,0.11929272258275665,1.8546926488865407,0.3885524131831517,7.830147497722551e-13,,,,,852.0,0.7509701464603856,3658,0.24194422902935042,0.7037327324604493,2.801680000929424,-0.336722876765832,0.12298799284480888,-0.5960027199537627,0.3651853354593354,0.15862373069137833
realTweets/Twitter_volume_IBM.csv,0.6218330960697718,15893,-12537.927037216261,1.9356934089250697,0.2709999986533794,2.846835241024067e-06,2.127912937267881e-05,0.11205714891804194,1,288,0.17320622242618033,1.3448056470673457e-07,10.545334329436384,4.529800627404569,0.40491836231689343,0.45614663875894196,0.303081902078394,199,130,0.3906970880884664,0.293365537551373,0.882669842913117,-0.0033904212593021607,0.1020752623804511,1.5821311424669,0.27229028420543944,0.0,,,,,799.0,0.8214108241684333,4451,0.2597965937404805,0.546523612173987,1.4686110361708364,-0.42233450796404964,0.18088394423814866,-0.6429186207662123,0.4353431991657897,0.15777717895088667
realTweets/Twitter_volume_KO.csv,,15851,-17467.74748910036,1.1990726666523999,0.09821359955125725,3.698326824047606e-09,1.7088499338527894e-09,0.030293282254067206,1,288,0.04379791499014407,8.867864968303949e-06,4.66370250375188,-5.251325285993946,0.22579071866102474,0.10655650526379078,0.18573356605162694,207,207,0.10137604028693162,0.3765403650895437,0.9356837254097238,-0.0006049383115146888,1.1598091417665963,14.607573688024509,0.10181738066890408,0.0,,,,,5174.0,0.9410897500213792,4291,6.082157765618934e-05,0.2721421890343842,0.22875636564127852,-0.42614006629469203,0.18576187111056483,-0.6272112703420185,0.40521925214659843,0.027827176890074263
realTweets/Twitter_volume_PFE.csv,0.7233525148633737,15858,-19814.21012526877,0.3133131899148941,0.09397398536583602,9.737136037283854e-07,4.6624721143633836e-07,0.0654599040145737,1,288,0.11426305299571227,4.501448577002872e-08,-0.12888972110653837,0.013047951419920198,0.20308988801748395,0.13333211051816984,0.27797363133502906,4,43,0.20327215293431056,0.4074972094071755,0.9865302326678334,0.01747922944412726,0.043149296473490674,0.412205935218702,0.1112643476108307,5.371698257970793e-20,,,,,492.0,0.868423030393795,6091,0.061328838290565235,0.34040302101585146,0.6681180130370453,-0.4724763604487525,0.22495612148489091,-0.6569167316960229,0.4561615739697388,0.14484114749471055
realTweets/Twitter_volume_UPS.csv,,15866,-1919.0261036044146,1.7947168393240762,0.9981121780485585,2.9260351444770327e-05,0.00025956022555638676,0.0441770358548779,1,288,0.05960215143359504,1.103232370279045e-07,-8.021017244505494,1.4158406800007772,0.8453025418320627,1.2960714015138264,0.17034335471540651,154,182,0.8482640479820164,0.12207731487682519,0.27653975546667514,0.012822136718463373,0.02711456158577266,1.6607983469253882,0.9999999850988388,0.0,,,,,1466.0,0.8353628911696617,4171,0.6900408922007992,0.8538505255724324,1.3943560947962772,0.22074099536229383,0.18714487755475753,-0.37182700751322423,0.15537426960546147,0.01334710850580452
